{
  "triggerPreprocessOnPreEdit": true,
  "triggerPreprocessOnSnipEdit": true,
  "stripComments": false,
  "obfuscateNodeNames": false,
  "removeBlankLines": false,
  "useDebugSettings": false,
  "beamSpringPercentage": 100.0,
  "beamDampPercentage": 100.0,
  "beamStrengthPercentage": 100.0,
  "beamDeformPercentage": 100.0,
  "nodeWeightMultiplier": 1.0,
  "dragCoefMultiplier": 1.0,
  "liftCoefMultiplier": 1.0,
  "includeDirectories": [],
  "predefinedVariables": {
    "SHELL_SETTINGS": "{\"beamStrength\":305000,\"beamDeform\":18000},",
    "SHELL_SUPPORT_SETTINGS": "{\"beamStrength\":\"FLT_MAX\",\"beamDeform\":45000},",
    "PANEL_ATTACH_SETTINGS": "{\"beamStrength\":60000,\"beamDeform\":\"FLT_MAX\"},",
    "STRONG_ATTACH_SETTINGS": "{\"beamStrength\":80000,\"beamDeform\":\"FLT_MAX\"},",
    "WEAK_PANEL_ATTACH_SETTINGS": "{\"beamStrength\":20000,\"beamDeform\":\"FLT_MAX\"},",
    "PANEL_ATTACH_SPRING": "{\"beamSpring\":4200000,\"beamDamp\":5},",
    "MAX_SETTINGS": "{\"beamStrength\":\"FLT_MAX\",\"beamDeform\":\"FLT_MAX\"},",
    "ALUMINUM_WEIGHT": "2",
    "ENABLE_HIGHLIGHT": "FUCKOFF",
    "SUPPORT_SPRING": "2570000",
    "COLL_RESET": "{\"dragCoef\":10, \"liftCoef\":10},"
  }
}